time,robot_id,x,y,vx,vy
0.0000,0,19.600000,60.300000,0.000000,0.000000
0.0200,0,19.591895,60.282457,-0.796556,-1.724425
0.0400,0,19.568675,60.232151,-1.512395,-3.279460
0.0600,0,19.531879,60.152298,-2.156014,-4.681594
0.0800,0,19.482962,60.045763,-2.717540,-5.953549
0.1000,0,19.424202,59.914720,-3.116073,-7.142875
0.1200,0,19.361045,59.760162,-3.103986,-8.306595
0.1400,0,19.304451,59.583268,-2.448855,-9.342890
0.1600,0,19.266199,59.388365,-1.324448,-10.096609
0.1800,0,19.252945,59.181374,0.015355,-10.561998
0.2000,0,19.267139,58.967338,1.407056,-10.808247
0.2200,0,19.309310,58.750435,2.811444,-10.845522
0.2400,0,19.379525,58.534910,4.206045,-10.672375
0.2600,0,19.477383,58.325101,5.573950,-10.266337
0.2800,0,19.590408,58.115451,5.447543,-10.925995
0.3000,0,19.696087,57.888713,5.148178,-11.730829
0.3200,0,19.797716,57.646950,5.047937,-12.426484
0.3400,0,19.899303,57.392449,5.139274,-13.003886
0.3600,0,20.004281,57.127574,5.381693,-13.463907
0.3800,0,20.115225,56.854581,5.719115,-13.822925
0.4000,0,20.233098,56.575040,6.070121,-14.121611
0.4200,0,20.358295,56.290201,6.459123,-14.348445
0.4400,0,20.491626,56.001518,6.871234,-14.514006
0.4600,0,20.632827,55.709719,7.233271,-14.669290
0.4800,0,20.780380,55.414633,7.516684,-14.836616
0.5000,0,20.933525,55.116501,7.805728,-14.965953
0.5200,0,21.093196,54.816622,8.179200,-15.002887
0.5400,0,21.261226,54.517047,8.630019,-14.943241
0.5600,0,21.438429,54.219155,9.083567,-14.846543
0.5800,0,21.624104,53.922967,9.474765,-14.775807
0.6000,0,21.817185,53.628098,9.827863,-14.711579
0.6200,0,22.016978,53.334454,10.141709,-14.657680
0.6400,0,22.222468,53.041593,10.404846,-14.626962
0.6600,0,22.433361,52.749689,10.694995,-14.549675
0.6800,0,22.650875,52.460395,11.072100,-14.357579
0.7000,0,22.876613,52.176029,11.502623,-14.072770
0.7200,0,23.110763,51.897386,11.898613,-13.805297
0.7400,0,23.351989,51.623234,12.217569,-13.614434
0.7600,0,23.599462,51.352952,12.537057,-13.399806
0.7800,0,23.853954,51.088130,12.926004,-13.053825
0.8000,0,24.117041,50.832118,13.392690,-12.514685
0.8200,0,24.389855,50.588568,13.882145,-11.846307
0.8400,0,24.670796,50.355032,14.176366,-11.578130
0.8600,0,24.956824,50.125464,14.435010,-11.358656
0.8800,0,25.248643,49.901798,14.756381,-10.979368
0.9000,0,25.547295,49.687203,15.107993,-10.472883
0.9200,0,25.852155,49.481041,15.341949,-10.220197
0.9400,0,26.160234,49.277111,15.470957,-10.161083
0.9600,0,26.471513,49.075725,15.671063,-9.942539
0.9800,0,26.787522,48.880788,15.936170,-9.524011
1.0000,0,27.108984,48.695215,16.206036,-9.039184
1.0200,0,27.435590,48.518920,16.448221,-8.605893
1.0400,0,27.765301,48.347128,16.484713,-8.658010
1.0600,0,28.095073,48.172851,16.509051,-8.737338
1.0800,0,28.426456,47.999372,16.644802,-8.568200
1.1000,0,28.761282,47.831613,16.842913,-8.181504
1.1200,0,29.100145,47.672319,17.036131,-7.771926
1.1400,0,29.442346,47.519446,17.176536,-7.536630
1.1600,0,29.786920,47.370094,17.272088,-7.420739
1.1800,0,30.132862,47.221755,17.312760,-7.433282
1.2000,0,30.479120,47.072152,17.312189,-7.527057
1.2200,0,30.825589,46.921248,17.342696,-7.543527
1.2400,0,31.173065,46.771059,17.408323,-7.464851
1.2600,0,31.522029,46.623028,17.491443,-7.325873
1.2800,0,31.872940,46.478862,17.606328,-7.059759
1.3000,0,32.226467,46.341813,17.747602,-6.628559
1.3200,0,32.582754,46.213458,17.875777,-6.234592
1.3400,0,32.941305,46.091501,17.977516,-5.966327
1.3600,0,33.301917,45.975455,18.085898,-5.612579
1.3800,0,33.660522,45.858733,17.681378,-6.259226
1.4000,0,34.010149,45.726284,17.314486,-6.945038
1.4200,0,34.354904,45.583388,17.212395,-7.257577
1.4400,0,34.700229,45.439686,17.340186,-7.039992
1.4600,0,35.048784,45.303640,17.516312,-6.534610
1.4800,0,35.400823,45.178955,17.684972,-5.920610
1.5000,0,35.756014,45.067886,17.827405,-5.153778
1.5200,0,36.113878,44.971560,17.959321,-4.575890
1.5400,0,36.474298,44.883436,18.081549,-4.189228
1.5600,0,36.836948,44.806039,18.182376,-3.589803
1.5800,0,37.201611,44.736707,18.281699,-3.358430
1.6000,0,37.568172,44.671895,18.372805,-3.125881
1.6200,0,37.936397,44.610686,18.423234,-3.105267
1.6400,0,38.303971,44.543778,18.325441,-3.599396
1.6600,0,38.668877,44.465897,18.155918,-4.200130
1.6800,0,39.030553,44.376577,18.033823,-4.685058
1.7000,0,39.391219,44.280901,18.049990,-4.830289
1.7200,0,39.752875,44.184663,18.116624,-4.785436
1.7400,0,40.115512,44.088268,18.121432,-4.923050
1.7600,0,40.476135,43.984621,17.912419,-5.484108
1.7800,0,40.832020,43.869097,17.695306,-6.036303
1.8000,0,41.184984,43.744980,17.622126,-6.333891
1.8200,0,41.537211,43.616453,17.595572,-6.526497
1.8400,0,41.888241,43.482949,17.484681,-6.858828
1.8600,0,42.235668,43.340877,17.250614,-7.355004
1.8800,0,42.578775,43.189539,17.086636,-7.738373
1.9000,0,42.920351,43.033419,17.084855,-7.846985
1.9200,0,43.261886,42.875195,17.049454,-8.006846
1.9400,0,43.600928,42.711204,16.811222,-8.441833
1.9600,0,43.932979,42.536315,16.377197,-9.057419
1.9800,0,44.256060,42.349116,15.947322,-9.644937
2.0000,0,44.571574,42.151252,15.608403,-10.134340
2.0200,0,44.880107,41.943644,15.230172,-10.634145
2.0400,0,45.180023,41.725506,14.741211,-11.188137
2.0600,0,45.469073,41.495910,14.155718,-11.770947
2.0800,0,45.746365,41.254917,13.581227,-12.319880
2.1000,0,46.012531,41.003396,13.038932,-12.826165
2.1200,0,46.268482,40.742300,12.598641,-13.257656
2.1400,0,46.519040,40.474790,12.486136,-13.471424
2.1600,0,46.767282,40.203063,12.307473,-13.719185
2.1800,0,47.009878,39.925280,11.916281,-14.073557
2.2000,0,47.242620,39.639723,11.329109,-14.487796
2.2200,0,47.462226,39.345713,10.641184,-14.906441
2.2400,0,47.671179,39.044549,10.324946,-15.181104
2.2600,0,47.875551,38.738708,10.093295,-15.409339
2.2800,0,48.073949,38.427875,9.719929,-15.680593
2.3000,0,48.263293,38.111285,9.194563,-15.980195
2.3200,0,48.441432,37.788732,8.630547,-16.269776
2.3400,0,48.609270,37.460759,8.158905,-16.523612
2.3600,0,48.767703,37.127878,7.684414,-16.761827
2.3800,0,48.927514,36.801161,8.553511,-15.651607
2.4000,0,49.109154,36.501384,9.593910,-14.336973
2.4200,0,49.310638,36.227327,10.538557,-13.085670
2.4400,0,49.530032,35.976705,11.383113,-12.019342
2.4600,0,49.765264,35.744922,12.130647,-11.145186
2.4800,0,50.014575,35.536149,12.752472,-9.586687
2.5000,0,50.273240,35.364174,13.071731,-7.589467
2.5200,0,50.535803,35.233038,13.157434,-5.532665
2.5400,0,50.798440,35.142491,13.075393,-3.529930
2.5600,0,51.057759,35.091357,12.839208,-1.602477
2.5800,0,51.311404,35.077592,12.673840,0.010849
2.6000,0,51.570466,35.083941,13.218367,0.626698
2.6200,0,51.839696,35.102490,13.692664,1.227809
2.6400,0,52.117570,35.133376,14.078360,1.871587
2.6600,0,52.402145,35.177816,14.363164,2.580975
2.6800,0,52.691550,35.236775,14.567158,3.313190
2.7000,0,52.984828,35.309644,14.767150,3.945748
2.7200,0,53.282167,35.394081,14.952804,4.506358
2.7400,0,53.582158,35.490564,15.024745,5.159293
2.7600,0,53.882235,35.601122,14.959446,5.911248
2.7800,0,54.179564,35.727536,14.754685,6.736401
2.8000,0,54.475157,35.866837,14.871784,7.106720
2.8200,0,54.773968,36.012175,14.991473,7.445003
2.8400,0,55.074006,36.165424,14.993392,7.895902
2.8600,0,55.373237,36.328261,14.992515,8.275382
2.8800,0,55.675991,36.492556,15.267193,8.181825
2.9000,0,55.983239,36.656681,15.439833,8.257321
2.9200,0,56.293079,36.823492,15.556920,8.393430
2.9400,0,56.606646,36.989711,15.808714,8.199237
2.9600,0,56.925001,37.152303,16.011214,8.091919
2.9800,0,57.246393,37.314691,16.115241,8.167452
3.0000,0,57.569886,37.478249,16.255064,8.135599
3.0200,0,57.897185,37.638233,16.484435,7.813722
3.0400,0,58.229513,37.788682,16.746495,7.220341
3.0600,0,58.566770,37.928340,16.969983,6.788548
3.0800,0,58.907926,38.061706,17.139073,6.567586
3.1000,0,59.252260,38.191030,17.294024,6.358520
3.1200,0,59.599633,38.315971,17.441229,6.137350
3.1400,0,59.949789,38.436773,17.572211,5.945560
3.1600,0,60.302595,38.553094,17.712708,5.643360
3.1800,0,60.658360,38.660735,17.861957,5.103681
3.2000,0,61.016974,38.757645,17.997096,4.604679
3.2200,0,61.378153,38.844953,18.117179,4.098403
3.2400,0,61.741360,38.919780,18.194198,3.350326
3.2600,0,62.105806,38.979146,18.253600,2.619056
3.2800,0,62.471637,39.025996,18.305255,2.268116
3.3000,0,62.835733,39.079156,18.079447,3.085849
3.3200,0,63.195971,39.147224,17.991793,3.611814
3.3400,0,63.556796,39.218417,18.099042,3.393458
3.3600,0,63.919653,39.279846,18.172548,2.695402
3.3800,0,64.282880,39.324176,18.132320,1.707118
3.4000,0,64.645374,39.349858,18.149172,1.001266
3.4200,0,65.009411,39.367758,18.250055,0.763585
3.4400,0,65.375041,39.378631,18.303859,0.291786
3.4600,0,65.741248,39.378675,18.317443,-0.274158
3.4800,0,66.107973,39.368931,18.341280,-0.733367
3.5000,0,66.473602,39.346336,18.185380,-1.582293
3.5200,0,66.833426,39.303461,17.733874,-2.757170
3.5400,0,67.180789,39.234894,16.962913,-4.108399
3.5600,0,67.510891,39.139221,16.018148,-5.453954
3.5800,0,67.820417,39.017033,14.917247,-6.751727
3.6000,0,68.106983,38.869731,13.731552,-7.961828
3.6200,0,68.380326,38.706782,13.857177,-8.151248
3.6400,0,68.660557,38.542790,14.146342,-8.271905
3.6600,0,68.945451,38.375107,14.329749,-8.507723
3.6800,0,69.233665,38.202694,14.497207,-8.717146
3.7000,0,69.525430,38.026871,14.678481,-8.858901
3.7200,0,69.820706,37.848464,14.844603,-8.982222
3.7400,0,70.119168,37.667766,15.016179,-9.054589
3.7600,0,70.422303,37.488552,15.307291,-8.834335
3.7800,0,70.731335,37.314442,15.591429,-8.579889
3.8000,0,71.045816,37.145318,15.853251,-8.333595
3.8200,0,71.365359,36.981142,16.099082,-8.081076
3.8400,0,71.689408,36.821292,16.281799,-7.958086
3.8600,0,72.015166,36.660104,16.253556,-8.219157
3.8800,0,72.340135,36.493620,16.287606,-8.355547
3.9000,0,72.667363,36.327504,16.451331,-8.206630
3.9200,0,72.998595,36.166897,16.667567,-7.862000
3.9400,0,73.333508,36.011416,16.806161,-7.730914
3.9600,0,73.670403,35.856721,16.890186,-7.717812
3.9800,0,74.009864,35.705100,17.065558,-7.404122
4.0000,0,74.352824,35.559998,17.215352,-7.155512
4.0200,0,74.697754,35.416875,17.273395,-7.165485
4.0400,0,75.044342,35.275202,17.400760,-6.941710
4.0600,0,75.393994,35.140580,17.563789,-6.513478
4.0800,0,75.746767,35.014244,17.709246,-6.138725
4.1000,0,76.102207,34.894395,17.832271,-5.852958
4.1200,0,76.460007,34.780118,17.946555,-5.574804
4.1400,0,76.820010,34.671328,18.052217,-5.307046
4.1600,0,77.182033,34.567706,18.148863,-5.056072
4.1800,0,77.545931,34.469135,18.239799,-4.802058
4.2000,0,77.911583,34.375606,18.325485,-4.541092
4.2200,0,78.278979,34.288602,18.413127,-4.119491
4.2400,0,78.648009,34.211773,18.489170,-3.594936
4.2600,0,79.018441,34.141850,18.550557,-3.436671
4.2800,0,79.390079,34.075285,18.614108,-3.167392
4.3000,0,79.762890,34.016905,18.664801,-2.662258
4.3200,0,80.136660,33.965742,18.701692,-2.576851
4.3400,0,80.510323,33.910992,18.648888,-2.939672
4.3600,0,80.882001,33.846842,18.519167,-3.470603
4.3800,0,81.251997,33.774605,18.508211,-3.649520
4.4000,0,81.622831,33.705204,18.574085,-3.223799
4.4200,0,81.994895,33.645670,18.632864,-2.756804
4.4400,0,82.368120,33.594444,18.688518,-2.370948
4.4600,0,82.742410,33.550383,18.739503,-2.038875
4.4800,0,83.117585,33.513634,18.772117,-1.602085
4.5000,0,83.492971,33.487610,18.759914,-0.982669
4.5200,0,83.867888,33.474289,18.730995,-0.355713
4.5400,0,84.242201,33.473067,18.714863,0.131802
4.5600,0,84.617015,33.475844,18.762689,0.185799
4.5800,0,84.991977,33.484441,18.699151,0.774203
4.6000,0,85.363465,33.509477,18.403534,1.783986
4.6200,0,85.725840,33.557786,17.787682,3.073301
4.6400,0,86.073607,33.632750,16.959392,4.424649
4.6600,0,86.411184,33.725156,16.980380,4.575278
4.6800,0,86.752747,33.815490,17.173303,4.455917
4.7000,0,87.098002,33.903398,17.347100,4.348135
4.7200,0,87.446331,33.990370,17.475803,4.378979
4.7400,0,87.796627,34.079625,17.547258,4.559494
4.7600,0,88.148153,34.172691,17.604993,4.742048
4.7800,0,88.500850,34.269008,17.678229,4.830734
4.8000,0,88.855832,34.363029,17.817850,4.573822
4.8200,0,89.213150,34.454018,17.896840,4.586274
4.8400,0,89.570841,34.548761,17.852410,4.927859
4.8600,0,89.928434,34.646765,17.943973,4.745276
4.8800,0,90.288446,34.739311,18.045758,4.569746
4.9000,0,90.649493,34.832345,18.033967,4.796046
4.9200,0,91.009294,34.932168,17.982442,5.056357
4.9400,0,91.370149,35.029572,18.099244,4.706900
4.9600,0,91.732954,35.122406,18.172196,4.618034
4.9800,0,92.096786,35.215188,18.220772,4.562932
5.0000,0,92.462210,35.301817,18.306635,4.214119
5.0200,0,92.827606,35.389534,18.155207,4.687098
5.0400,0,93.184267,35.493747,17.439357,5.778328
5.0600,0,93.523235,35.621200,16.421947,6.968678
5.0800,0,93.840273,35.772200,15.262336,8.121474
5.1000,0,94.133234,35.945546,14.319811,8.929822
5.1200,0,94.424181,36.119002,14.763106,8.442608
5.1400,0,94.723179,36.284694,15.118602,8.169240
5.1600,0,95.028268,36.447124,15.378051,7.818842
5.1800,0,95.337568,36.586839,15.527966,6.142349
5.2000,0,95.648356,36.692450,15.526979,4.415733
5.2200,0,95.957919,36.763702,15.417514,2.723152
5.2400,0,96.264949,36.802291,15.297581,1.173958
5.2600,0,96.571208,36.813351,15.371853,0.020226
5.2800,0,96.881244,36.806953,15.660925,-0.488783
5.3000,0,97.197894,36.799899,15.996153,-0.195747
5.3200,0,97.521009,36.797513,16.311867,-0.100700
5.3400,0,97.850115,36.794077,16.593636,-0.243967
5.3600,0,98.184615,36.789595,16.850445,-0.148940
5.3800,0,98.523862,36.789193,17.069583,0.111204
5.4000,0,98.867239,36.793985,17.264354,0.366030
5.4200,0,99.214375,36.803117,17.449307,0.503735
5.4400,0,99.565124,36.811975,17.621933,0.356968
5.4600,0,99.919097,36.819663,17.756812,0.535530
5.4800,0,100.274578,36.836357,17.795343,1.108276
5.5000,0,100.631617,36.860526,17.918521,1.212583
5.5200,0,100.991288,36.882791,18.046139,1.009493
5.5400,0,101.353387,36.901225,18.161940,0.843187
5.5600,0,101.717687,36.917671,18.263825,0.848591
5.5800,0,102.083706,36.936723,18.334371,1.069907
5.6000,0,102.450998,36.960418,18.393264,1.298488
5.6200,0,102.819456,36.988159,18.456262,1.434705
5.6400,0,103.189344,37.015624,18.531845,1.285176
5.6600,0,103.560654,37.040732,18.593382,1.289430
5.6800,0,103.932830,37.068788,18.625685,1.498953
5.7000,0,104.305896,37.098309,18.682591,1.402613
5.7200,0,104.680096,37.124930,18.733559,1.315267
5.7400,0,105.054962,37.153283,18.751113,1.527420
5.7600,0,105.430340,37.184325,18.790728,1.521410
5.7800,0,105.806594,37.212960,18.833898,1.341783
5.8000,0,106.183671,37.238341,18.873072,1.199912
5.8200,0,106.561490,37.260909,18.908110,1.051214
5.8400,0,106.939971,37.280423,18.939222,0.928426
5.8600,0,107.318930,37.300053,18.951805,1.073890
5.8800,0,107.697942,37.323867,18.948918,1.306483
5.9000,0,108.076877,37.352224,18.946795,1.512101
5.9200,0,108.456012,37.382600,18.969672,1.477738
5.9400,0,108.835665,37.410393,0.000000,0.000000
5.9600,0,108.835665,37.410393,0.000000,0.000000
5.9800,0,108.835665,37.410393,0.000000,0.000000
6.0000,0,108.835665,37.410393,0.000000,0.000000
6.0200,0,108.835665,37.410393,0.000000,0.000000
6.0400,0,108.835665,37.410393,0.000000,0.000000
6.0600,0,108.835665,37.410393,0.000000,0.000000
6.0800,0,108.835665,37.410393,0.000000,0.000000
6.1000,0,108.835665,37.410393,0.000000,0.000000
6.1200,0,108.835665,37.410393,0.000000,0.000000
6.1400,0,108.835665,37.410393,0.000000,0.000000
6.1600,0,108.835665,37.410393,0.000000,0.000000
6.1800,0,108.835665,37.410393,0.000000,0.000000
6.2000,0,108.835665,37.410393,0.000000,0.000000
6.2200,0,108.835665,37.410393,0.000000,0.000000
6.2400,0,108.835665,37.410393,0.000000,0.000000
6.2600,0,108.835665,37.410393,0.000000,0.000000
6.2800,0,108.835665,37.410393,0.000000,0.000000
6.3000,0,108.835665,37.410393,0.000000,0.000000
6.3200,0,108.835665,37.410393,0.000000,0.000000
6.3400,0,108.835665,37.410393,0.000000,0.000000
6.3600,0,108.835665,37.410393,0.000000,0.000000
6.3800,0,108.835665,37.410393,0.000000,0.000000
6.4000,0,108.835665,37.410393,0.000000,0.000000
6.4200,0,108.835665,37.410393,0.000000,0.000000
6.4400,0,108.835665,37.410393,0.000000,0.000000
6.4600,0,108.835665,37.410393,0.000000,0.000000
6.4800,0,108.835665,37.410393,0.000000,0.000000
6.5000,0,108.835665,37.410393,0.000000,0.000000
6.5200,0,108.835665,37.410393,0.000000,0.000000
6.5400,0,108.835665,37.410393,0.000000,0.000000
6.5600,0,108.835665,37.410393,0.000000,0.000000
6.5800,0,108.835665,37.410393,0.000000,0.000000
6.6000,0,108.835665,37.410393,0.000000,0.000000
6.6200,0,108.835665,37.410393,0.000000,0.000000
6.6400,0,108.835665,37.410393,0.000000,0.000000
6.6600,0,108.835665,37.410393,0.000000,0.000000
6.6800,0,108.835665,37.410393,0.000000,0.000000
6.7000,0,108.835665,37.410393,0.000000,0.000000
6.7200,0,108.835665,37.410393,0.000000,0.000000
6.7400,0,108.835665,37.410393,0.000000,0.000000
6.7600,0,108.835665,37.410393,0.000000,0.000000
6.7800,0,108.835665,37.410393,0.000000,0.000000
6.8000,0,108.835665,37.410393,0.000000,0.000000
6.8200,0,108.835665,37.410393,0.000000,0.000000
6.8400,0,108.835665,37.410393,0.000000,0.000000
6.8600,0,108.835665,37.410393,0.000000,0.000000
6.8800,0,108.835665,37.410393,0.000000,0.000000
6.9000,0,108.835665,37.410393,0.000000,0.000000
6.9200,0,108.835665,37.410393,0.000000,0.000000
6.9400,0,108.835665,37.410393,0.000000,0.000000
6.9600,0,108.835665,37.410393,0.000000,0.000000
6.9800,0,108.835665,37.410393,0.000000,0.000000
7.0000,0,108.835665,37.410393,0.000000,0.000000
7.0200,0,108.835665,37.410393,0.000000,0.000000
7.0400,0,108.835665,37.410393,0.000000,0.000000
7.0600,0,108.835665,37.410393,0.000000,0.000000
7.0800,0,108.835665,37.410393,0.000000,0.000000
7.1000,0,108.835665,37.410393,0.000000,0.000000
7.1200,0,108.835665,37.410393,0.000000,0.000000
7.1400,0,108.835665,37.410393,0.000000,0.000000
7.1600,0,108.835665,37.410393,0.000000,0.000000
7.1800,0,108.835665,37.410393,0.000000,0.000000
7.2000,0,108.835665,37.410393,0.000000,0.000000
7.2200,0,108.835665,37.410393,0.000000,0.000000
7.2400,0,108.835665,37.410393,0.000000,0.000000
7.2600,0,108.835665,37.410393,0.000000,0.000000
7.2800,0,108.835665,37.410393,0.000000,0.000000
7.3000,0,108.835665,37.410393,0.000000,0.000000
7.3200,0,108.835665,37.410393,0.000000,0.000000
7.3400,0,108.835665,37.410393,0.000000,0.000000
7.3600,0,108.835665,37.410393,0.000000,0.000000
7.3800,0,108.835665,37.410393,0.000000,0.000000
7.4000,0,108.835665,37.410393,0.000000,0.000000
7.4200,0,108.835665,37.410393,0.000000,0.000000
7.4400,0,108.835665,37.410393,0.000000,0.000000
7.4600,0,108.835665,37.410393,0.000000,0.000000
7.4800,0,108.835665,37.410393,0.000000,0.000000
7.5000,0,108.835665,37.410393,0.000000,0.000000
7.5200,0,108.835665,37.410393,0.000000,0.000000
7.5400,0,108.835665,37.410393,0.000000,0.000000
7.5600,0,108.835665,37.410393,0.000000,0.000000
7.5800,0,108.835665,37.410393,0.000000,0.000000
7.6000,0,108.835665,37.410393,0.000000,0.000000
7.6200,0,108.835665,37.410393,0.000000,0.000000
7.6400,0,108.835665,37.410393,0.000000,0.000000
7.6600,0,108.835665,37.410393,0.000000,0.000000
7.6800,0,108.835665,37.410393,0.000000,0.000000
7.7000,0,108.835665,37.410393,0.000000,0.000000
7.7200,0,108.835665,37.410393,0.000000,0.000000
7.7400,0,108.835665,37.410393,0.000000,0.000000
7.7600,0,108.835665,37.410393,0.000000,0.000000
7.7800,0,108.835665,37.410393,0.000000,0.000000
7.8000,0,108.835665,37.410393,0.000000,0.000000
7.8200,0,108.835665,37.410393,0.000000,0.000000
7.8400,0,108.835665,37.410393,0.000000,0.000000
7.8600,0,108.835665,37.410393,0.000000,0.000000
7.8800,0,108.835665,37.410393,0.000000,0.000000
7.9000,0,108.835665,37.410393,0.000000,0.000000
7.9200,0,108.835665,37.410393,0.000000,0.000000
7.9400,0,108.835665,37.410393,0.000000,0.000000
7.9600,0,108.835665,37.410393,0.000000,0.000000
7.9800,0,108.835665,37.410393,0.000000,0.000000
8.0000,0,108.835665,37.410393,0.000000,0.000000
8.0200,0,108.835665,37.410393,0.000000,0.000000
8.0400,0,108.835665,37.410393,0.000000,0.000000
8.0600,0,108.835665,37.410393,0.000000,0.000000
8.0800,0,108.835665,37.410393,0.000000,0.000000
8.1000,0,108.835665,37.410393,0.000000,0.000000
8.1200,0,108.835665,37.410393,0.000000,0.000000
8.1400,0,108.835665,37.410393,0.000000,0.000000
8.1600,0,108.835665,37.410393,0.000000,0.000000
8.1800,0,108.835665,37.410393,0.000000,0.000000
8.2000,0,108.835665,37.410393,0.000000,0.000000
8.2200,0,108.835665,37.410393,0.000000,0.000000
8.2400,0,108.835665,37.410393,0.000000,0.000000
8.2600,0,108.835665,37.410393,0.000000,0.000000
8.2800,0,108.835665,37.410393,0.000000,0.000000
8.3000,0,108.835665,37.410393,0.000000,0.000000
8.3200,0,108.835665,37.410393,0.000000,0.000000
8.3400,0,108.835665,37.410393,0.000000,0.000000
8.3600,0,108.835665,37.410393,0.000000,0.000000
8.3800,0,108.835665,37.410393,0.000000,0.000000
8.4000,0,108.835665,37.410393,0.000000,0.000000
8.4200,0,108.835665,37.410393,0.000000,0.000000
8.4400,0,108.835665,37.410393,0.000000,0.000000
8.4600,0,108.835665,37.410393,0.000000,0.000000
8.4800,0,108.835665,37.410393,0.000000,0.000000
8.5000,0,108.835665,37.410393,0.000000,0.000000
8.5200,0,108.835665,37.410393,0.000000,0.000000
8.5400,0,108.835665,37.410393,0.000000,0.000000
8.5600,0,108.835665,37.410393,0.000000,0.000000
8.5800,0,108.835665,37.410393,0.000000,0.000000
8.6000,0,108.835665,37.410393,0.000000,0.000000
8.6200,0,108.835665,37.410393,0.000000,0.000000
8.6400,0,108.835665,37.410393,0.000000,0.000000
8.6600,0,108.835665,37.410393,0.000000,0.000000
8.6800,0,108.835665,37.410393,0.000000,0.000000
8.7000,0,108.835665,37.410393,0.000000,0.000000
8.7200,0,108.835665,37.410393,0.000000,0.000000
8.7400,0,108.835665,37.410393,0.000000,0.000000
8.7600,0,108.835665,37.410393,0.000000,0.000000
8.7800,0,108.835665,37.410393,0.000000,0.000000
8.8000,0,108.835665,37.410393,0.000000,0.000000
8.8200,0,108.835665,37.410393,0.000000,0.000000
8.8400,0,108.835665,37.410393,0.000000,0.000000
8.8600,0,108.835665,37.410393,0.000000,0.000000
8.8800,0,108.835665,37.410393,0.000000,0.000000
8.9000,0,108.835665,37.410393,0.000000,0.000000
8.9200,0,108.835665,37.410393,0.000000,0.000000
8.9400,0,108.835665,37.410393,0.000000,0.000000
8.9600,0,108.835665,37.410393,0.000000,0.000000
8.9800,0,108.835665,37.410393,0.000000,0.000000
9.0000,0,108.835665,37.410393,0.000000,0.000000
9.0200,0,108.835665,37.410393,0.000000,0.000000
9.0400,0,108.835665,37.410393,0.000000,0.000000
9.0600,0,108.835665,37.410393,0.000000,0.000000
9.0800,0,108.835665,37.410393,0.000000,0.000000
9.1000,0,108.835665,37.410393,0.000000,0.000000
9.1200,0,108.835665,37.410393,0.000000,0.000000
9.1400,0,108.835665,37.410393,0.000000,0.000000
9.1600,0,108.835665,37.410393,0.000000,0.000000
9.1800,0,108.835665,37.410393,0.000000,0.000000
9.2000,0,108.835665,37.410393,0.000000,0.000000
9.2200,0,108.835665,37.410393,0.000000,0.000000
9.2400,0,108.835665,37.410393,0.000000,0.000000
9.2600,0,108.835665,37.410393,0.000000,0.000000
9.2800,0,108.835665,37.410393,0.000000,0.000000
9.3000,0,108.835665,37.410393,0.000000,0.000000
9.3200,0,108.835665,37.410393,0.000000,0.000000
9.3400,0,108.835665,37.410393,0.000000,0.000000
9.3600,0,108.835665,37.410393,0.000000,0.000000
9.3800,0,108.835665,37.410393,0.000000,0.000000
9.4000,0,108.835665,37.410393,0.000000,0.000000
9.4200,0,108.835665,37.410393,0.000000,0.000000
9.4400,0,108.835665,37.410393,0.000000,0.000000
9.4600,0,108.835665,37.410393,0.000000,0.000000
9.4800,0,108.835665,37.410393,0.000000,0.000000
9.5000,0,108.835665,37.410393,0.000000,0.000000
9.5200,0,108.835665,37.410393,0.000000,0.000000
9.5400,0,108.835665,37.410393,0.000000,0.000000
9.5600,0,108.835665,37.410393,0.000000,0.000000
9.5800,0,108.835665,37.410393,0.000000,0.000000
9.6000,0,108.835665,37.410393,0.000000,0.000000
9.6200,0,108.835665,37.410393,0.000000,0.000000
9.6400,0,108.835665,37.410393,0.000000,0.000000
9.6600,0,108.835665,37.410393,0.000000,0.000000
9.6800,0,108.835665,37.410393,0.000000,0.000000
9.7000,0,108.835665,37.410393,0.000000,0.000000
9.7200,0,108.835665,37.410393,0.000000,0.000000
9.7400,0,108.835665,37.410393,0.000000,0.000000
9.7600,0,108.835665,37.410393,0.000000,0.000000
9.7800,0,108.835665,37.410393,0.000000,0.000000
9.8000,0,108.835665,37.410393,0.000000,0.000000
9.8200,0,108.835665,37.410393,0.000000,0.000000
9.8400,0,108.835665,37.410393,0.000000,0.000000
9.8600,0,108.835665,37.410393,0.000000,0.000000
9.8800,0,108.835665,37.410393,0.000000,0.000000
9.9000,0,108.835665,37.410393,0.000000,0.000000
9.9200,0,108.835665,37.410393,0.000000,0.000000
9.9400,0,108.835665,37.410393,0.000000,0.000000
9.9600,0,108.835665,37.410393,0.000000,0.000000
9.9800,0,108.835665,37.410393,0.000000,0.000000
10.0000,0,108.835665,37.410393,0.000000,0.000000
10.0200,0,108.835665,37.410393,0.000000,0.000000
10.0400,0,108.835665,37.410393,0.000000,0.000000
10.0600,0,108.835665,37.410393,0.000000,0.000000
10.0800,0,108.835665,37.410393,0.000000,0.000000
10.1000,0,108.835665,37.410393,0.000000,0.000000
10.1200,0,108.835665,37.410393,0.000000,0.000000
10.1400,0,108.835665,37.410393,0.000000,0.000000
10.1600,0,108.835665,37.410393,0.000000,0.000000
10.1800,0,108.835665,37.410393,0.000000,0.000000
10.2000,0,108.835665,37.410393,0.000000,0.000000
10.2200,0,108.835665,37.410393,0.000000,0.000000
10.2400,0,108.835665,37.410393,0.000000,0.000000
10.2600,0,108.835665,37.410393,0.000000,0.000000
10.2800,0,108.835665,37.410393,0.000000,0.000000
10.3000,0,108.835665,37.410393,0.000000,0.000000
10.3200,0,108.835665,37.410393,0.000000,0.000000
10.3400,0,108.835665,37.410393,0.000000,0.000000
10.3600,0,108.835665,37.410393,0.000000,0.000000
10.3800,0,108.835665,37.410393,0.000000,0.000000
10.4000,0,108.835665,37.410393,0.000000,0.000000
10.4200,0,108.835665,37.410393,0.000000,0.000000
10.4400,0,108.835665,37.410393,0.000000,0.000000
10.4600,0,108.835665,37.410393,0.000000,0.000000
10.4800,0,108.835665,37.410393,0.000000,0.000000
10.5000,0,108.835665,37.410393,0.000000,0.000000
10.5200,0,108.835665,37.410393,0.000000,0.000000
10.5400,0,108.835665,37.410393,0.000000,0.000000
10.5600,0,108.835665,37.410393,0.000000,0.000000
10.5800,0,108.835665,37.410393,0.000000,0.000000
10.6000,0,108.835665,37.410393,0.000000,0.000000
10.6200,0,108.835665,37.410393,0.000000,0.000000
10.6400,0,108.835665,37.410393,0.000000,0.000000
10.6600,0,108.835665,37.410393,0.000000,0.000000
10.6800,0,108.835665,37.410393,0.000000,0.000000
10.7000,0,108.835665,37.410393,0.000000,0.000000
10.7200,0,108.835665,37.410393,0.000000,0.000000
10.7400,0,108.835665,37.410393,0.000000,0.000000
10.7600,0,108.835665,37.410393,0.000000,0.000000
10.7800,0,108.835665,37.410393,0.000000,0.000000
10.8000,0,108.835665,37.410393,0.000000,0.000000
10.8200,0,108.835665,37.410393,0.000000,0.000000
10.8400,0,108.835665,37.410393,0.000000,0.000000
10.8600,0,108.835665,37.410393,0.000000,0.000000
10.8800,0,108.835665,37.410393,0.000000,0.000000
10.9000,0,108.835665,37.410393,0.000000,0.000000
10.9200,0,108.835665,37.410393,0.000000,0.000000
10.9400,0,108.835665,37.410393,0.000000,0.000000
10.9600,0,108.835665,37.410393,0.000000,0.000000
10.9800,0,108.835665,37.410393,0.000000,0.000000
11.0000,0,108.835665,37.410393,0.000000,0.000000
11.0200,0,108.835665,37.410393,0.000000,0.000000
11.0400,0,108.835665,37.410393,0.000000,0.000000
11.0600,0,108.835665,37.410393,0.000000,0.000000
11.0800,0,108.835665,37.410393,0.000000,0.000000
11.1000,0,108.835665,37.410393,0.000000,0.000000
11.1200,0,108.835665,37.410393,0.000000,0.000000
11.1400,0,108.835665,37.410393,0.000000,0.000000
11.1600,0,108.835665,37.410393,0.000000,0.000000
11.1800,0,108.835665,37.410393,0.000000,0.000000
11.2000,0,108.835665,37.410393,0.000000,0.000000
11.2200,0,108.835665,37.410393,0.000000,0.000000
11.2400,0,108.835665,37.410393,0.000000,0.000000
11.2600,0,108.835665,37.410393,0.000000,0.000000
11.2800,0,108.835665,37.410393,0.000000,0.000000
11.3000,0,108.835665,37.410393,0.000000,0.000000
11.3200,0,108.835665,37.410393,0.000000,0.000000
11.3400,0,108.835665,37.410393,0.000000,0.000000
11.3600,0,108.835665,37.410393,0.000000,0.000000
11.3800,0,108.835665,37.410393,0.000000,0.000000
11.4000,0,108.835665,37.410393,0.000000,0.000000
11.4200,0,108.835665,37.410393,0.000000,0.000000
11.4400,0,108.835665,37.410393,0.000000,0.000000
11.4600,0,108.835665,37.410393,0.000000,0.000000
11.4800,0,108.835665,37.410393,0.000000,0.000000
11.5000,0,108.835665,37.410393,0.000000,0.000000
11.5200,0,108.835665,37.410393,0.000000,0.000000
11.5400,0,108.835665,37.410393,0.000000,0.000000
11.5600,0,108.835665,37.410393,0.000000,0.000000
11.5800,0,108.835665,37.410393,0.000000,0.000000
11.6000,0,108.835665,37.410393,0.000000,0.000000
11.6200,0,108.835665,37.410393,0.000000,0.000000
11.6400,0,108.835665,37.410393,0.000000,0.000000
11.6600,0,108.835665,37.410393,0.000000,0.000000
11.6800,0,108.835665,37.410393,0.000000,0.000000
11.7000,0,108.835665,37.410393,0.000000,0.000000
11.7200,0,108.835665,37.410393,0.000000,0.000000
11.7400,0,108.835665,37.410393,0.000000,0.000000
11.7600,0,108.835665,37.410393,0.000000,0.000000
11.7800,0,108.835665,37.410393,0.000000,0.000000
11.8000,0,108.835665,37.410393,0.000000,0.000000
11.8200,0,108.835665,37.410393,0.000000,0.000000
11.8400,0,108.835665,37.410393,0.000000,0.000000
11.8600,0,108.835665,37.410393,0.000000,0.000000
11.8800,0,108.835665,37.410393,0.000000,0.000000
11.9000,0,108.835665,37.410393,0.000000,0.000000
11.9200,0,108.835665,37.410393,0.000000,0.000000
11.9400,0,108.835665,37.410393,0.000000,0.000000
11.9600,0,108.835665,37.410393,0.000000,0.000000
11.9800,0,108.835665,37.410393,0.000000,0.000000
12.0000,0,108.835665,37.410393,0.000000,0.000000
12.0200,0,108.835665,37.410393,0.000000,0.000000
12.0400,0,108.835665,37.410393,0.000000,0.000000
12.0600,0,108.835665,37.410393,0.000000,0.000000
12.0800,0,108.835665,37.410393,0.000000,0.000000
12.1000,0,108.835665,37.410393,0.000000,0.000000
12.1200,0,108.835665,37.410393,0.000000,0.000000
12.1400,0,108.835665,37.410393,0.000000,0.000000
12.1600,0,108.835665,37.410393,0.000000,0.000000
12.1800,0,108.835665,37.410393,0.000000,0.000000
12.2000,0,108.835665,37.410393,0.000000,0.000000
12.2200,0,108.835665,37.410393,0.000000,0.000000
12.2400,0,108.835665,37.410393,0.000000,0.000000
12.2600,0,108.835665,37.410393,0.000000,0.000000
12.2800,0,108.835665,37.410393,0.000000,0.000000
12.3000,0,108.835665,37.410393,0.000000,0.000000
12.3200,0,108.835665,37.410393,0.000000,0.000000
12.3400,0,108.835665,37.410393,0.000000,0.000000
12.3600,0,108.835665,37.410393,0.000000,0.000000
12.3800,0,108.835665,37.410393,0.000000,0.000000
12.4000,0,108.835665,37.410393,0.000000,0.000000
12.4200,0,108.835665,37.410393,0.000000,0.000000
12.4400,0,108.835665,37.410393,0.000000,0.000000
12.4600,0,108.835665,37.410393,0.000000,0.000000
12.4800,0,108.835665,37.410393,0.000000,0.000000
12.5000,0,108.835665,37.410393,0.000000,0.000000
12.5200,0,108.835665,37.410393,0.000000,0.000000
12.5400,0,108.835665,37.410393,0.000000,0.000000
12.5600,0,108.835665,37.410393,0.000000,0.000000
12.5800,0,108.835665,37.410393,0.000000,0.000000
12.6000,0,108.835665,37.410393,0.000000,0.000000
12.6200,0,108.835665,37.410393,0.000000,0.000000
12.6400,0,108.835665,37.410393,0.000000,0.000000
12.6600,0,108.835665,37.410393,0.000000,0.000000
12.6800,0,108.835665,37.410393,0.000000,0.000000
12.7000,0,108.835665,37.410393,0.000000,0.000000
12.7200,0,108.835665,37.410393,0.000000,0.000000
12.7400,0,108.835665,37.410393,0.000000,0.000000
12.7600,0,108.835665,37.410393,0.000000,0.000000
12.7800,0,108.835665,37.410393,0.000000,0.000000
12.8000,0,108.835665,37.410393,0.000000,0.000000
12.8200,0,108.835665,37.410393,0.000000,0.000000
12.8400,0,108.835665,37.410393,0.000000,0.000000
12.8600,0,108.835665,37.410393,0.000000,0.000000
12.8800,0,108.835665,37.410393,0.000000,0.000000
12.9000,0,108.835665,37.410393,0.000000,0.000000
12.9200,0,108.835665,37.410393,0.000000,0.000000
12.9400,0,108.835665,37.410393,0.000000,0.000000
12.9600,0,108.835665,37.410393,0.000000,0.000000
12.9800,0,108.835665,37.410393,0.000000,0.000000
13.0000,0,108.835665,37.410393,0.000000,0.000000
13.0200,0,108.835665,37.410393,0.000000,0.000000
13.0400,0,108.835665,37.410393,0.000000,0.000000
13.0600,0,108.835665,37.410393,0.000000,0.000000
13.0800,0,108.835665,37.410393,0.000000,0.000000
13.1000,0,108.835665,37.410393,0.000000,0.000000
13.1200,0,108.835665,37.410393,0.000000,0.000000
13.1400,0,108.835665,37.410393,0.000000,0.000000
13.1600,0,108.835665,37.410393,0.000000,0.000000
13.1800,0,108.835665,37.410393,0.000000,0.000000
13.2000,0,108.835665,37.410393,0.000000,0.000000
13.2200,0,108.835665,37.410393,0.000000,0.000000
13.2400,0,108.835665,37.410393,0.000000,0.000000
13.2600,0,108.835665,37.410393,0.000000,0.000000
13.2800,0,108.835665,37.410393,0.000000,0.000000
13.3000,0,108.835665,37.410393,0.000000,0.000000
13.3200,0,108.835665,37.410393,0.000000,0.000000
13.3400,0,108.835665,37.410393,0.000000,0.000000
13.3600,0,108.835665,37.410393,0.000000,0.000000
13.3800,0,108.835665,37.410393,0.000000,0.000000
13.4000,0,108.835665,37.410393,0.000000,0.000000
13.4200,0,108.835665,37.410393,0.000000,0.000000
13.4400,0,108.835665,37.410393,0.000000,0.000000
13.4600,0,108.835665,37.410393,0.000000,0.000000
13.4800,0,108.835665,37.410393,0.000000,0.000000
13.5000,0,108.835665,37.410393,0.000000,0.000000
13.5200,0,108.835665,37.410393,0.000000,0.000000
13.5400,0,108.835665,37.410393,0.000000,0.000000
13.5600,0,108.835665,37.410393,0.000000,0.000000
13.5800,0,108.835665,37.410393,0.000000,0.000000
13.6000,0,108.835665,37.410393,0.000000,0.000000
13.6200,0,108.835665,37.410393,0.000000,0.000000
13.6400,0,108.835665,37.410393,0.000000,0.000000
13.6600,0,108.835665,37.410393,0.000000,0.000000
13.6800,0,108.835665,37.410393,0.000000,0.000000
13.7000,0,108.835665,37.410393,0.000000,0.000000
13.7200,0,108.835665,37.410393,0.000000,0.000000
13.7400,0,108.835665,37.410393,0.000000,0.000000
13.7600,0,108.835665,37.410393,0.000000,0.000000
13.7800,0,108.835665,37.410393,0.000000,0.000000
13.8000,0,108.835665,37.410393,0.000000,0.000000
13.8200,0,108.835665,37.410393,0.000000,0.000000
13.8400,0,108.835665,37.410393,0.000000,0.000000
13.8600,0,108.835665,37.410393,0.000000,0.000000
13.8800,0,108.835665,37.410393,0.000000,0.000000
13.9000,0,108.835665,37.410393,0.000000,0.000000
13.9200,0,108.835665,37.410393,0.000000,0.000000
13.9400,0,108.835665,37.410393,0.000000,0.000000
13.9600,0,108.835665,37.410393,0.000000,0.000000
13.9800,0,108.835665,37.410393,0.000000,0.000000
14.0000,0,108.835665,37.410393,0.000000,0.000000
14.0200,0,108.835665,37.410393,0.000000,0.000000
14.0400,0,108.835665,37.410393,0.000000,0.000000
14.0600,0,108.835665,37.410393,0.000000,0.000000
14.0800,0,108.835665,37.410393,0.000000,0.000000
14.1000,0,108.835665,37.410393,0.000000,0.000000
14.1200,0,108.835665,37.410393,0.000000,0.000000
14.1400,0,108.835665,37.410393,0.000000,0.000000
14.1600,0,108.835665,37.410393,0.000000,0.000000
14.1800,0,108.835665,37.410393,0.000000,0.000000
14.2000,0,108.835665,37.410393,0.000000,0.000000
14.2200,0,108.835665,37.410393,0.000000,0.000000
14.2400,0,108.835665,37.410393,0.000000,0.000000
14.2600,0,108.835665,37.410393,0.000000,0.000000
14.2800,0,108.835665,37.410393,0.000000,0.000000
14.3000,0,108.835665,37.410393,0.000000,0.000000
14.3200,0,108.835665,37.410393,0.000000,0.000000
14.3400,0,108.835665,37.410393,0.000000,0.000000
14.3600,0,108.835665,37.410393,0.000000,0.000000
14.3800,0,108.835665,37.410393,0.000000,0.000000
14.4000,0,108.835665,37.410393,0.000000,0.000000
14.4200,0,108.835665,37.410393,0.000000,0.000000
14.4400,0,108.835665,37.410393,0.000000,0.000000
14.4600,0,108.835665,37.410393,0.000000,0.000000
14.4800,0,108.835665,37.410393,0.000000,0.000000
14.5000,0,108.835665,37.410393,0.000000,0.000000
14.5200,0,108.835665,37.410393,0.000000,0.000000
14.5400,0,108.835665,37.410393,0.000000,0.000000
14.5600,0,108.835665,37.410393,0.000000,0.000000
14.5800,0,108.835665,37.410393,0.000000,0.000000
14.6000,0,108.835665,37.410393,0.000000,0.000000
14.6200,0,108.835665,37.410393,0.000000,0.000000
14.6400,0,108.835665,37.410393,0.000000,0.000000
14.6600,0,108.835665,37.410393,0.000000,0.000000
14.6800,0,108.835665,37.410393,0.000000,0.000000
14.7000,0,108.835665,37.410393,0.000000,0.000000
14.7200,0,108.835665,37.410393,0.000000,0.000000
14.7400,0,108.835665,37.410393,0.000000,0.000000
14.7600,0,108.835665,37.410393,0.000000,0.000000
14.7800,0,108.835665,37.410393,0.000000,0.000000
14.8000,0,108.835665,37.410393,0.000000,0.000000
14.8200,0,108.835665,37.410393,0.000000,0.000000
14.8400,0,108.835665,37.410393,0.000000,0.000000
14.8600,0,108.835665,37.410393,0.000000,0.000000
14.8800,0,108.835665,37.410393,0.000000,0.000000
14.9000,0,108.835665,37.410393,0.000000,0.000000
14.9200,0,108.835665,37.410393,0.000000,0.000000
14.9400,0,108.835665,37.410393,0.000000,0.000000
14.9600,0,108.835665,37.410393,0.000000,0.000000
14.9800,0,108.835665,37.410393,0.000000,0.000000
15.0000,0,108.835665,37.410393,0.000000,0.000000
